model,metric,value,lo,hi
"Original recipe (2x EffNet-B0, 224px, local only)",QWK,0.7077261809447558,0.6290791724543362,0.7725401775048638
"Original recipe (2x EffNet-B0, 224px, local only)",Macro F1,0.641568133938407,0.5670182240088255,0.6978701792510394
"Original recipe (2x EffNet-B0, 224px, local only)",Balanced accuracy,0.6241980410491206,0.5559115541103065,0.6865677920349441
"Original recipe (2x EffNet-B0, 224px, local only)",Accuracy,0.6862244897959183,0.6260376790083544,0.7361260548523206
"EffNet-B0, local data only",QWK,0.7732421842981032,0.7056833482938218,0.831025707866095
"EffNet-B0, local data only",Macro F1,0.7256664057157144,0.6492880709022085,0.7860829153507667
"EffNet-B0, local data only",Balanced accuracy,0.714854424070729,0.6360001797983382,0.7862174055574104
"EffNet-B0, local data only",Accuracy,0.7163461538461539,0.6599430282089493,0.7707507449508884
EffNet-B0 + RSNA + CBIS,QWK,0.7709611451942741,0.704393809011286,0.8256122780847746
EffNet-B0 + RSNA + CBIS,Macro F1,0.7033530681122785,0.6219858096491295,0.7648811315906686
EffNet-B0 + RSNA + CBIS,Balanced accuracy,0.7101418076954056,0.6262941343263747,0.7837982151005424
EffNet-B0 + RSNA + CBIS,Accuracy,0.7211538461538461,0.6674864048510222,0.7709769960615825
